locus_tag	ftype	length_bp	gene	EC_number	COG	product
PKBBMBJJ_00001	CDS	852				hypothetical protein
PKBBMBJJ_00002	CDS	624				hypothetical protein
PKBBMBJJ_00003	CDS	471				hypothetical protein
PKBBMBJJ_00004	CDS	741				hypothetical protein
PKBBMBJJ_00005	CDS	1056	rlmN	2.1.1.192		Dual-specificity RNA methyltransferase RlmN
PKBBMBJJ_00006	CDS	300			COG2139	50S ribosomal protein L21e
PKBBMBJJ_00007	CDS	327				hypothetical protein
PKBBMBJJ_00008	CDS	567				hypothetical protein
PKBBMBJJ_00009	CDS	705	rsmA	2.1.1.-	COG0030	putative ribosomal RNA small subunit methyltransferase A
PKBBMBJJ_00010	CDS	516				hypothetical protein
PKBBMBJJ_00011	CDS	975				hypothetical protein
PKBBMBJJ_00012	CDS	1047				hypothetical protein
PKBBMBJJ_00013	CDS	1113	hflX		COG2262	GTPase HflX
PKBBMBJJ_00014	CDS	534		2.1.1.206	COG1303	tRNA (cytidine(56)-2'-O)-methyltransferase
PKBBMBJJ_00015	CDS	129				hypothetical protein
PKBBMBJJ_00016	CDS	171				hypothetical protein
PKBBMBJJ_00017	CDS	1158	argS	6.1.1.19	COG0018	Arginine--tRNA ligase
PKBBMBJJ_00018	CDS	525				hypothetical protein
PKBBMBJJ_00019	CDS	297				hypothetical protein
PKBBMBJJ_00020	CDS	417				hypothetical protein
PKBBMBJJ_00021	CDS	945				hypothetical protein
PKBBMBJJ_00022	CDS	147				hypothetical protein
PKBBMBJJ_00023	CDS	1101				hypothetical protein
PKBBMBJJ_00024	CDS	900	menA	2.5.1.74		1,4-dihydroxy-2-naphthoate octaprenyltransferase
PKBBMBJJ_00025	CDS	207				hypothetical protein
PKBBMBJJ_00026	CDS	456				hypothetical protein
PKBBMBJJ_00027	CDS	279				hypothetical protein
PKBBMBJJ_00028	CDS	399				hypothetical protein
PKBBMBJJ_00029	CDS	1056				hypothetical protein
PKBBMBJJ_00030	CDS	900	tfb_1			Transcription initiation factor IIB
PKBBMBJJ_00031	CDS	798				hypothetical protein
PKBBMBJJ_00032	CDS	528				hypothetical protein
PKBBMBJJ_00033	CDS	855				hypothetical protein
PKBBMBJJ_00034	CDS	297				hypothetical protein
PKBBMBJJ_00035	CDS	729				hypothetical protein
PKBBMBJJ_00036	CDS	198				hypothetical protein
PKBBMBJJ_00037	CDS	942	mvk	2.7.1.36	COG1577	Mevalonate kinase
PKBBMBJJ_00038	CDS	753		2.7.4.26	COG1608	Isopentenyl phosphate kinase
PKBBMBJJ_00039	CDS	651	idi	5.3.3.2		Isopentenyl-diphosphate Delta-isomerase
PKBBMBJJ_00040	CDS	981	gds	2.5.1.29	COG0142	Geranylgeranyl diphosphate synthase
PKBBMBJJ_00041	CDS	1710	gltX	6.1.1.17	COG0008	Glutamate--tRNA ligase
PKBBMBJJ_00042	CDS	870				hypothetical protein
PKBBMBJJ_00043	CDS	780				hypothetical protein
PKBBMBJJ_00044	CDS	309	hcaC_1			3-phenylpropionate/cinnamic acid dioxygenase ferredoxin subunit
PKBBMBJJ_00045	CDS	279				hypothetical protein
PKBBMBJJ_00046	CDS	762				hypothetical protein
PKBBMBJJ_00047	CDS	348				hypothetical protein
PKBBMBJJ_00048	tRNA	73				tRNA-His(gtg)
PKBBMBJJ_00049	CDS	1023	corA		COG0598	Cobalt/magnesium transport protein CorA
PKBBMBJJ_00050	CDS	783				hypothetical protein
PKBBMBJJ_00051	CDS	261				hypothetical protein
PKBBMBJJ_00052	CDS	666	tal	2.2.1.2	COG0176	putative transaldolase
PKBBMBJJ_00053	CDS	975	dxs	2.2.1.7		1-deoxy-D-xylulose-5-phosphate synthase
PKBBMBJJ_00054	CDS	1299	tuf_1		COG5256	Elongation factor 1-alpha
PKBBMBJJ_00055	CDS	309			COG0051	30S ribosomal protein S10
PKBBMBJJ_00056	CDS	204				hypothetical protein
PKBBMBJJ_00057	CDS	198				hypothetical protein
PKBBMBJJ_00058	CDS	411				hypothetical protein
PKBBMBJJ_00059	CDS	507				hypothetical protein
PKBBMBJJ_00060	CDS	219				hypothetical protein
PKBBMBJJ_00061	CDS	1140	fadB	5.3.3.8		Fatty acid oxidation complex subunit alpha
PKBBMBJJ_00062	CDS	168				hypothetical protein
PKBBMBJJ_00063	CDS	306				hypothetical protein
PKBBMBJJ_00064	CDS	408				hypothetical protein
PKBBMBJJ_00065	CDS	669	dnaJ_1			Chaperone protein DnaJ
PKBBMBJJ_00066	CDS	363				hypothetical protein
PKBBMBJJ_00067	CDS	459				hypothetical protein
PKBBMBJJ_00068	CDS	732				hypothetical protein
PKBBMBJJ_00069	CDS	561	cpoB			Cell division coordinator CpoB
PKBBMBJJ_00070	CDS	225				hypothetical protein
PKBBMBJJ_00071	CDS	225				hypothetical protein
PKBBMBJJ_00072	CDS	396				hypothetical protein
PKBBMBJJ_00073	CDS	300				hypothetical protein
PKBBMBJJ_00074	CDS	348				hypothetical protein
PKBBMBJJ_00075	CDS	405				hypothetical protein
PKBBMBJJ_00076	CDS	369				hypothetical protein
PKBBMBJJ_00077	CDS	936	maX1		COG0530	Sodium/calcium exchanger MaX1
PKBBMBJJ_00078	CDS	525				hypothetical protein
PKBBMBJJ_00079	CDS	219	aroC	4.2.3.5		Chorismate synthase
PKBBMBJJ_00080	CDS	1371	mfnC	2.6.1.108	COG0436	(5-formylfuran-3-yl)methyl phosphate transaminase
PKBBMBJJ_00081	CDS	852				hypothetical protein
PKBBMBJJ_00082	CDS	405				hypothetical protein
PKBBMBJJ_00083	CDS	1329	thiC	4.1.99.17		Phosphomethylpyrimidine synthase
PKBBMBJJ_00084	CDS	474				hypothetical protein
PKBBMBJJ_00085	CDS	1431	guaB	1.1.1.205	COG0516	Inosine-5'-monophosphate dehydrogenase
PKBBMBJJ_00086	CDS	471				hypothetical protein
PKBBMBJJ_00087	CDS	816	pheA	4.2.1.51	COG0077	Prephenate dehydratase
PKBBMBJJ_00088	CDS	555	csl4		COG1096	Exosome complex component Csl4
PKBBMBJJ_00089	CDS	1149		1.3.1.84	COG1064	Acryloyl-coenzyme A reductase
PKBBMBJJ_00090	CDS	1263	purD	6.3.4.13		Phosphoribosylamine--glycine ligase
PKBBMBJJ_00091	CDS	561				hypothetical protein
PKBBMBJJ_00092	CDS	867	folD		COG0190	Bifunctional protein FolD protein
PKBBMBJJ_00093	CDS	285				hypothetical protein
PKBBMBJJ_00094	CDS	330				hypothetical protein
PKBBMBJJ_00095	CDS	576	purN	2.1.2.2		Phosphoribosylglycinamide formyltransferase
PKBBMBJJ_00096	CDS	1029				hypothetical protein
PKBBMBJJ_00097	CDS	123				hypothetical protein
PKBBMBJJ_00098	CDS	363				hypothetical protein
PKBBMBJJ_00099	CDS	651	recA_1			Protein RecA
PKBBMBJJ_00100	CDS	1089				hypothetical protein
PKBBMBJJ_00101	CDS	582				hypothetical protein
PKBBMBJJ_00102	CDS	384				hypothetical protein
PKBBMBJJ_00103	CDS	390	rnhA	3.1.26.4	COG0328	Ribonuclease HI
PKBBMBJJ_00104	CDS	471				hypothetical protein
PKBBMBJJ_00105	CDS	744				hypothetical protein
PKBBMBJJ_00106	CDS	570	mer_1	1.5.98.2	COG2141	5,10-methylenetetrahydromethanopterin reductase
PKBBMBJJ_00107	CDS	330				hypothetical protein
PKBBMBJJ_00108	CDS	585	dps	1.16.-.-	COG2406	DNA protection during starvation protein
PKBBMBJJ_00109	CDS	3198	ileS	6.1.1.5	COG0060	Isoleucine--tRNA ligase
PKBBMBJJ_00110	CDS	894	ilvD	4.2.1.9		Dihydroxy-acid dehydratase
PKBBMBJJ_00111	CDS	138				hypothetical protein
PKBBMBJJ_00112	CDS	441				hypothetical protein
PKBBMBJJ_00113	CDS	1437	dinG	3.1.-.-		3'-5' exonuclease DinG
PKBBMBJJ_00114	CDS	1125	priS	2.7.7.-	COG1467	DNA primase small subunit PriS
PKBBMBJJ_00115	CDS	249				hypothetical protein
PKBBMBJJ_00116	CDS	255				hypothetical protein
PKBBMBJJ_00117	CDS	1041	bepA	3.4.-.-		Beta-barrel assembly-enhancing protease
PKBBMBJJ_00118	CDS	237				hypothetical protein
PKBBMBJJ_00119	CDS	1338				hypothetical protein
PKBBMBJJ_00120	CDS	1113	cofH_1	2.5.1.147	COG1060	5-amino-6-(D-ribitylamino)uracil--L-tyrosine 4-hydroxyphenyl transferase
PKBBMBJJ_00121	CDS	1338				hypothetical protein
PKBBMBJJ_00122	CDS	1110	fadA	2.3.1.16		3-ketoacyl-CoA thiolase
PKBBMBJJ_00123	CDS	627	mer_2	1.5.98.2	COG2141	5,10-methylenetetrahydromethanopterin reductase
PKBBMBJJ_00124	CDS	240				hypothetical protein
PKBBMBJJ_00125	CDS	762				hypothetical protein
PKBBMBJJ_00126	tRNA	74				tRNA-Pro(ggg)
PKBBMBJJ_00127	CDS	201				hypothetical protein
PKBBMBJJ_00128	CDS	567				hypothetical protein
PKBBMBJJ_00129	CDS	1524	nadE_1	6.3.1.5		NH(3)-dependent NAD(+) synthetase
PKBBMBJJ_00130	CDS	213				hypothetical protein
PKBBMBJJ_00131	CDS	147				hypothetical protein
PKBBMBJJ_00132	CDS	1515	sasA	2.7.-.-		Adaptive-response sensory-kinase SasA
PKBBMBJJ_00133	CDS	429				hypothetical protein
PKBBMBJJ_00134	CDS	372	cheY			Chemotaxis protein CheY
PKBBMBJJ_00135	CDS	393				hypothetical protein
PKBBMBJJ_00136	CDS	963				hypothetical protein
PKBBMBJJ_00137	CDS	144				hypothetical protein
PKBBMBJJ_00138	CDS	1107				hypothetical protein
PKBBMBJJ_00139	CDS	396				hypothetical protein
PKBBMBJJ_00140	CDS	648	APOA1BP	5.1.99.6		NAD(P)H-hydrate epimerase
PKBBMBJJ_00141	CDS	615				hypothetical protein
PKBBMBJJ_00142	tRNA	86				tRNA-Leu(gag)
PKBBMBJJ_00143	CDS	237	rpoN	2.7.7.6	COG1644	DNA-directed RNA polymerase subunit N
PKBBMBJJ_00144	CDS	1239	eno	4.2.1.11	COG0148	Enolase
PKBBMBJJ_00145	CDS	132				hypothetical protein
PKBBMBJJ_00146	CDS	132				hypothetical protein
PKBBMBJJ_00147	CDS	321				hypothetical protein
PKBBMBJJ_00148	CDS	315				hypothetical protein
PKBBMBJJ_00149	CDS	225				hypothetical protein
PKBBMBJJ_00150	CDS	948	ftsZ			Cell division protein FtsZ
PKBBMBJJ_00151	CDS	828	pyrK			Dihydroorotate dehydrogenase B (NAD(+)), electron transfer subunit
PKBBMBJJ_00152	CDS	912	pyrD	1.3.-.-		Dihydroorotate dehydrogenase
PKBBMBJJ_00153	CDS	1323				hypothetical protein
PKBBMBJJ_00154	CDS	675	flpA	2.1.1.-	COG1889	Fibrillarin-like rRNA/tRNA 2'-O-methyltransferase
PKBBMBJJ_00155	CDS	621	rnhB	3.1.26.4	COG0164	Ribonuclease HII
PKBBMBJJ_00156	CDS	315				hypothetical protein
PKBBMBJJ_00157	tRNA	77				tRNA-Gly(gcc)
PKBBMBJJ_00158	CDS	264				hypothetical protein
PKBBMBJJ_00159	CDS	594				hypothetical protein
PKBBMBJJ_00160	CDS	564	endA_1	4.6.1.16	COG1676	tRNA-splicing endonuclease
PKBBMBJJ_00161	CDS	657				hypothetical protein
PKBBMBJJ_00162	CDS	855	suhB	3.1.3.11	COG0483	Fructose-1,6-bisphosphatase/inositol-1-monophosphatase
PKBBMBJJ_00163	CDS	1122				hypothetical protein
PKBBMBJJ_00164	CDS	309				hypothetical protein
PKBBMBJJ_00165	CDS	828				hypothetical protein
PKBBMBJJ_00166	CDS	210				hypothetical protein
PKBBMBJJ_00167	CDS	564				hypothetical protein
PKBBMBJJ_00168	CDS	450				hypothetical protein
PKBBMBJJ_00169	CDS	138				hypothetical protein
PKBBMBJJ_00170	CDS	303				hypothetical protein
PKBBMBJJ_00171	CDS	195				hypothetical protein
PKBBMBJJ_00172	CDS	216				hypothetical protein
PKBBMBJJ_00173	CDS	288				hypothetical protein
PKBBMBJJ_00174	CDS	468	bioF	2.3.1.47		8-amino-7-oxononanoate synthase
PKBBMBJJ_00175	CDS	132				hypothetical protein
PKBBMBJJ_00176	CDS	726				hypothetical protein
PKBBMBJJ_00177	CDS	960				hypothetical protein
PKBBMBJJ_00178	CDS	765	btuD_1	7.6.2.8		Vitamin B12 import ATP-binding protein BtuD
PKBBMBJJ_00179	CDS	963				hypothetical protein
PKBBMBJJ_00180	CDS	507				hypothetical protein
PKBBMBJJ_00181	CDS	312				hypothetical protein
PKBBMBJJ_00182	CDS	153				hypothetical protein
PKBBMBJJ_00183	CDS	573				hypothetical protein
PKBBMBJJ_00184	CDS	642				hypothetical protein
PKBBMBJJ_00185	CDS	945				hypothetical protein
PKBBMBJJ_00186	CDS	1278	gck	2.7.1.165	COG2379	Glycerate 2-kinase
PKBBMBJJ_00187	CDS	300				hypothetical protein
PKBBMBJJ_00188	CDS	216			COG1522	putative HTH-type transcriptional regulator
PKBBMBJJ_00189	CDS	921	ttuA	2.8.1.-	COG0037	tRNA-5-methyluridine(54) 2-sulfurtransferase
PKBBMBJJ_00190	CDS	1152				hypothetical protein
PKBBMBJJ_00191	CDS	312	cutA		COG1324	Divalent-cation tolerance protein CutA
PKBBMBJJ_00192	CDS	1044	pelA	3.1.-.-	COG1537	Protein pelota 
PKBBMBJJ_00193	CDS	438				hypothetical protein
PKBBMBJJ_00194	CDS	279				hypothetical protein
PKBBMBJJ_00195	CDS	564				hypothetical protein
PKBBMBJJ_00196	CDS	489				hypothetical protein
PKBBMBJJ_00197	CDS	1194	cdvC		COG0464	Cell division protein C
PKBBMBJJ_00198	CDS	594	eif2g_1		COG5257	Translation initiation factor 2 subunit gamma
PKBBMBJJ_00199	CDS	369				hypothetical protein
PKBBMBJJ_00200	CDS	459				hypothetical protein
PKBBMBJJ_00201	CDS	2139				hypothetical protein
PKBBMBJJ_00202	CDS	156			COG2260	Ribosome biogenesis protein Nop10
PKBBMBJJ_00203	CDS	798	eif2a		COG1093	Translation initiation factor 2 subunit alpha
PKBBMBJJ_00204	CDS	546				hypothetical protein
PKBBMBJJ_00205	CDS	264				hypothetical protein
PKBBMBJJ_00206	tRNA	84				tRNA-Ser(cga)
PKBBMBJJ_00207	CDS	147				hypothetical protein
PKBBMBJJ_00208	CDS	606				hypothetical protein
PKBBMBJJ_00209	CDS	438				hypothetical protein
PKBBMBJJ_00210	CDS	981				hypothetical protein
PKBBMBJJ_00211	CDS	1272	hemA	1.2.1.70	COG0373	Glutamyl-tRNA reductase
PKBBMBJJ_00212	CDS	654	cysG	4.99.1.4		Siroheme synthase
PKBBMBJJ_00213	CDS	1047				hypothetical protein
PKBBMBJJ_00214	CDS	339				hypothetical protein
PKBBMBJJ_00215	CDS	999				hypothetical protein
PKBBMBJJ_00216	CDS	675				hypothetical protein
PKBBMBJJ_00217	CDS	771			COG1136	putative ABC transporter ATP-binding protein
PKBBMBJJ_00218	CDS	672	tfb_2		COG1372	Transcription initiation factor IIB
PKBBMBJJ_00219	CDS	219				hypothetical protein
PKBBMBJJ_00220	CDS	360				hypothetical protein
PKBBMBJJ_00221	CDS	477				hypothetical protein
PKBBMBJJ_00222	CDS	429				hypothetical protein
PKBBMBJJ_00223	CDS	150				hypothetical protein
PKBBMBJJ_00224	CDS	546				hypothetical protein
PKBBMBJJ_00225	CDS	423				hypothetical protein
PKBBMBJJ_00226	CDS	249				hypothetical protein
PKBBMBJJ_00227	CDS	711				hypothetical protein
PKBBMBJJ_00228	CDS	930	pyrB	2.1.3.2	COG0540	Aspartate carbamoyltransferase
PKBBMBJJ_00229	CDS	462	pyrI		COG1781	Aspartate carbamoyltransferase regulatory chain
PKBBMBJJ_00230	CDS	393				hypothetical protein
PKBBMBJJ_00231	CDS	813				hypothetical protein
PKBBMBJJ_00232	CDS	264				hypothetical protein
PKBBMBJJ_00233	CDS	975				hypothetical protein
PKBBMBJJ_00234	CDS	927				hypothetical protein
PKBBMBJJ_00235	CDS	867	malK_1	7.5.2.1		Trehalose/maltose import ATP-binding protein MalK
PKBBMBJJ_00236	CDS	636				hypothetical protein
PKBBMBJJ_00237	CDS	210			COG2053	30S ribosomal protein S28e
PKBBMBJJ_00238	CDS	387	rpl7ae		COG1358	50S ribosomal protein L7Ae
PKBBMBJJ_00239	CDS	1350		5.4.2.10	COG1109	Phosphoglucosamine/phosphogalactosamine mutase
PKBBMBJJ_00240	tRNA	88				tRNA-Leu(tag)
PKBBMBJJ_00241	CDS	381				hypothetical protein
PKBBMBJJ_00242	CDS	390				hypothetical protein
PKBBMBJJ_00243	CDS	1575				hypothetical protein
PKBBMBJJ_00244	CDS	990				hypothetical protein
PKBBMBJJ_00245	CDS	618				hypothetical protein
PKBBMBJJ_00246	CDS	189				hypothetical protein
PKBBMBJJ_00247	CDS	1242		3.3.1.-	COG0499	S-inosyl-L-homocysteine hydrolase
PKBBMBJJ_00248	CDS	1080	carB			Carbamoyl-phosphate synthase large chain
PKBBMBJJ_00249	CDS	315				hypothetical protein
PKBBMBJJ_00250	CDS	255				hypothetical protein
PKBBMBJJ_00251	CDS	303				hypothetical protein
PKBBMBJJ_00252	CDS	294	atpF			V-type ATP synthase subunit F
PKBBMBJJ_00253	CDS	378				hypothetical protein
PKBBMBJJ_00254	CDS	267				hypothetical protein
PKBBMBJJ_00255	CDS	666				hypothetical protein
PKBBMBJJ_00256	CDS	282				hypothetical protein
PKBBMBJJ_00257	CDS	219				hypothetical protein
PKBBMBJJ_00258	CDS	183				hypothetical protein
PKBBMBJJ_00259	CDS	141				hypothetical protein
PKBBMBJJ_00260	tRNA	74				tRNA-Thr(cgt)
PKBBMBJJ_00261	CDS	1299		5.4.2.2	COG1109	Phosphoglucomutase/phosphomannomutase
PKBBMBJJ_00262	CDS	951	thiL	2.7.4.16	COG0611	Thiamine-monophosphate kinase
PKBBMBJJ_00263	CDS	171				hypothetical protein
PKBBMBJJ_00264	CDS	711				hypothetical protein
PKBBMBJJ_00265	CDS	186				hypothetical protein
PKBBMBJJ_00266	CDS	405				hypothetical protein
PKBBMBJJ_00267	CDS	561				hypothetical protein
PKBBMBJJ_00268	CDS	1353	apgM1	5.4.2.12	COG3635	2,3-bisphosphoglycerate-independent phosphoglycerate mutase 1
PKBBMBJJ_00269	CDS	1014				hypothetical protein
PKBBMBJJ_00270	CDS	513	trpA	4.2.1.20	COG0159	Tryptophan synthase alpha chain
PKBBMBJJ_00271	CDS	684				hypothetical protein
PKBBMBJJ_00272	CDS	207				hypothetical protein
PKBBMBJJ_00273	CDS	360				hypothetical protein
PKBBMBJJ_00274	CDS	345				hypothetical protein
PKBBMBJJ_00275	CDS	846	mjaVM	2.1.1.113	COG0863	Modification methylase MjaV
PKBBMBJJ_00276	CDS	2448	dbpA_1	3.6.4.13		ATP-dependent RNA helicase DbpA
PKBBMBJJ_00277	CDS	1440				hypothetical protein
PKBBMBJJ_00278	CDS	348				hypothetical protein
PKBBMBJJ_00279	CDS	1005	birA_1	6.3.4.15		Bifunctional ligase/repressor BirA
PKBBMBJJ_00280	CDS	522				hypothetical protein
PKBBMBJJ_00281	CDS	411		6.2.1.13	COG1042	Acetate--CoA ligase [ADP-forming] II
PKBBMBJJ_00282	CDS	357				hypothetical protein
PKBBMBJJ_00283	CDS	426				hypothetical protein
PKBBMBJJ_00284	CDS	258				hypothetical protein
PKBBMBJJ_00285	CDS	309				hypothetical protein
PKBBMBJJ_00286	CDS	282				hypothetical protein
PKBBMBJJ_00287	CDS	843				hypothetical protein
PKBBMBJJ_00288	CDS	234				hypothetical protein
PKBBMBJJ_00289	CDS	1041	adh	1.1.1.1	COG1064	NAD-dependent alcohol dehydrogenase
PKBBMBJJ_00290	CDS	153				hypothetical protein
PKBBMBJJ_00291	CDS	153				hypothetical protein
PKBBMBJJ_00292	CDS	1134				hypothetical protein
PKBBMBJJ_00293	CDS	1389	pheS	6.1.1.20	COG0016	Phenylalanine--tRNA ligase alpha subunit
PKBBMBJJ_00294	CDS	1644	pheT	6.1.1.20	COG0072	Phenylalanine--tRNA ligase beta subunit
PKBBMBJJ_00295	CDS	261				hypothetical protein
PKBBMBJJ_00296	CDS	498				hypothetical protein
PKBBMBJJ_00297	CDS	1131				hypothetical protein
PKBBMBJJ_00298	CDS	807	tssA	2.8.1.1	COG2897	Putative thiosulfate sulfurtransferase
PKBBMBJJ_00299	CDS	210				hypothetical protein
PKBBMBJJ_00300	CDS	1143		3.1.-.-	COG0420	DNA double-strand break repair protein Mre11
PKBBMBJJ_00301	CDS	1533	herA	3.6.4.12	COG0433	DNA double-strand break repair helicase HerA
PKBBMBJJ_00302	CDS	792				hypothetical protein
PKBBMBJJ_00303	CDS	786	nadX_1	1.4.1.21		L-aspartate dehydrogenase
PKBBMBJJ_00304	CDS	381	rhlB	3.6.4.13		ATP-dependent RNA helicase RhlB
PKBBMBJJ_00305	CDS	237				hypothetical protein
PKBBMBJJ_00306	CDS	186				hypothetical protein
PKBBMBJJ_00307	CDS	129				hypothetical protein
PKBBMBJJ_00308	CDS	288				hypothetical protein
PKBBMBJJ_00309	CDS	771				hypothetical protein
PKBBMBJJ_00310	CDS	291				hypothetical protein
PKBBMBJJ_00311	CDS	1245	sufS_1	2.8.1.7	COG0520	Cysteine desulfurase
PKBBMBJJ_00312	CDS	444	iscU2		COG0822	Iron-sulfur cluster assembly scaffold protein IscU 2
PKBBMBJJ_00313	CDS	348				hypothetical protein
PKBBMBJJ_00314	CDS	1227	pgk	2.7.2.3	COG0126	Phosphoglycerate kinase
PKBBMBJJ_00315	CDS	669				hypothetical protein
PKBBMBJJ_00316	CDS	312				hypothetical protein
PKBBMBJJ_00317	CDS	351				hypothetical protein
PKBBMBJJ_00318	CDS	237				hypothetical protein
PKBBMBJJ_00319	CDS	159				hypothetical protein
PKBBMBJJ_00320	CDS	294				hypothetical protein
PKBBMBJJ_00321	CDS	237			COG1958	Putative snRNP Sm-like protein
PKBBMBJJ_00322	CDS	960				hypothetical protein
PKBBMBJJ_00323	CDS	675	rpiA	5.3.1.6	COG0120	Ribose-5-phosphate isomerase A
PKBBMBJJ_00324	CDS	1398	pyrC			Dihydroorotase
PKBBMBJJ_00325	CDS	198				hypothetical protein
PKBBMBJJ_00326	tRNA	72				tRNA-Ala(cgc)
PKBBMBJJ_00327	CDS	1386				hypothetical protein
PKBBMBJJ_00328	CDS	546				hypothetical protein
PKBBMBJJ_00329	CDS	1461	nhaP2			K(+)/H(+) antiporter NhaP2
PKBBMBJJ_00330	CDS	300				hypothetical protein
PKBBMBJJ_00331	CDS	231				hypothetical protein
PKBBMBJJ_00332	CDS	192				hypothetical protein
PKBBMBJJ_00333	CDS	219				hypothetical protein
PKBBMBJJ_00334	CDS	1062	vat_1		COG0464	VCP-like ATPase
PKBBMBJJ_00335	CDS	747	hmgB	2.3.3.10	COG3425	Hydroxymethylglutaryl-CoA synthase
PKBBMBJJ_00336	CDS	537				hypothetical protein
PKBBMBJJ_00337	CDS	684	bioD	6.3.3.3		ATP-dependent dethiobiotin synthetase BioD
PKBBMBJJ_00338	CDS	1176	lysJ	2.6.1.-	COG4992	[LysW]-aminoadipate semialdehyde/glutamate semialdehyde transaminase
PKBBMBJJ_00339	CDS	420	lysM		COG1522	HTH-type transcriptional regulator LysM
PKBBMBJJ_00340	CDS	1164		2.3.3.14	COG0119	Homocitrate synthase
PKBBMBJJ_00341	CDS	168	lysW			Alpha-aminoadipate/glutamate carrier protein LysW
PKBBMBJJ_00342	CDS	843	lysX	6.3.2.43	COG0189	Alpha-aminoadipate--LysW ligase LysX
PKBBMBJJ_00343	CDS	1128	lysK	3.5.1.-	COG0624	[LysW]-lysine/[LysW]-ornithine hydrolase
PKBBMBJJ_00344	CDS	1038				hypothetical protein
PKBBMBJJ_00345	CDS	618	hldE	2.7.7.70		Bifunctional protein HldE
PKBBMBJJ_00346	CDS	753				hypothetical protein
PKBBMBJJ_00347	CDS	1053				hypothetical protein
PKBBMBJJ_00348	CDS	1098	cbiD	2.1.1.195		Cobalt-precorrin-5B C(1)-methyltransferase
PKBBMBJJ_00349	CDS	870				hypothetical protein
PKBBMBJJ_00350	CDS	1167	metK	2.5.1.6		S-adenosylmethionine synthase
PKBBMBJJ_00351	CDS	345				hypothetical protein
PKBBMBJJ_00352	CDS	648	recA_2			Protein RecA
PKBBMBJJ_00353	CDS	1404				hypothetical protein
PKBBMBJJ_00354	CDS	939	btuD_2	7.6.2.8		Vitamin B12 import ATP-binding protein BtuD
PKBBMBJJ_00355	CDS	762				hypothetical protein
PKBBMBJJ_00356	CDS	204				hypothetical protein
PKBBMBJJ_00357	CDS	555				hypothetical protein
PKBBMBJJ_00358	CDS	921	leuA	2.3.3.13	COG0119	2-isopropylmalate synthase
PKBBMBJJ_00359	CDS	384				hypothetical protein
PKBBMBJJ_00360	CDS	396				hypothetical protein
PKBBMBJJ_00361	CDS	708			COG1136	putative ABC transporter ATP-binding protein
PKBBMBJJ_00362	CDS	897				hypothetical protein
PKBBMBJJ_00363	CDS	222				hypothetical protein
PKBBMBJJ_00364	CDS	621				hypothetical protein
PKBBMBJJ_00365	CDS	618				hypothetical protein
PKBBMBJJ_00366	CDS	315				hypothetical protein
PKBBMBJJ_00367	CDS	606				hypothetical protein
PKBBMBJJ_00368	CDS	180				hypothetical protein
PKBBMBJJ_00369	CDS	591				hypothetical protein
PKBBMBJJ_00370	CDS	327	hisI	3.5.4.19	COG0139	Phosphoribosyl-AMP cyclohydrolase
PKBBMBJJ_00371	CDS	801	hisF_1	4.3.2.10	COG0107	Imidazole glycerol phosphate synthase subunit HisF
PKBBMBJJ_00372	CDS	711	hisF_2	4.3.2.10	COG0107	Imidazole glycerol phosphate synthase subunit HisF
PKBBMBJJ_00373	CDS	603	hisH_1	3.5.1.2		Imidazole glycerol phosphate synthase subunit HisH
PKBBMBJJ_00374	CDS	222				hypothetical protein
PKBBMBJJ_00375	CDS	153				hypothetical protein
PKBBMBJJ_00376	CDS	1365	argH	4.3.2.1		Argininosuccinate lyase
PKBBMBJJ_00377	CDS	756				hypothetical protein
PKBBMBJJ_00378	CDS	498				hypothetical protein
PKBBMBJJ_00379	CDS	279		4.2.1.96		Putative pterin-4-alpha-carbinolamine dehydratase
PKBBMBJJ_00380	CDS	816				hypothetical protein
PKBBMBJJ_00381	CDS	1131				hypothetical protein
PKBBMBJJ_00382	tRNA	76				tRNA-Met(cat)
PKBBMBJJ_00383	CDS	1098				hypothetical protein
PKBBMBJJ_00384	CDS	1155	thiI	2.8.1.4		tRNA sulfurtransferase
PKBBMBJJ_00385	CDS	717	cysH	1.8.4.8		Phosphoadenosine phosphosulfate reductase
PKBBMBJJ_00386	CDS	1143	sat	2.7.7.4		Sulfate adenylyltransferase
PKBBMBJJ_00387	CDS	465	sucD	6.2.1.5	COG0074	Succinate--CoA ligase [ADP-forming] subunit alpha
PKBBMBJJ_00388	CDS	168			COG1552	50S ribosomal protein L40e
PKBBMBJJ_00389	CDS	264				hypothetical protein
PKBBMBJJ_00390	tRNA	96				tRNA-Val(cac)
PKBBMBJJ_00391	CDS	666				hypothetical protein
PKBBMBJJ_00392	CDS	423				hypothetical protein
PKBBMBJJ_00393	CDS	192				hypothetical protein
PKBBMBJJ_00394	CDS	504				hypothetical protein
PKBBMBJJ_00395	CDS	408				hypothetical protein
PKBBMBJJ_00396	CDS	399				hypothetical protein
PKBBMBJJ_00397	CDS	486				hypothetical protein
PKBBMBJJ_00398	CDS	588				hypothetical protein
PKBBMBJJ_00399	CDS	228				hypothetical protein
PKBBMBJJ_00400	CDS	249				hypothetical protein
PKBBMBJJ_00401	tRNA	75				tRNA-Asn(gtt)
PKBBMBJJ_00402	CDS	291				hypothetical protein
PKBBMBJJ_00403	CDS	558	rpl6		COG0097	50S ribosomal protein L6
PKBBMBJJ_00404	CDS	393	rps8		COG0096	30S ribosomal protein S8
PKBBMBJJ_00405	CDS	180				hypothetical protein
PKBBMBJJ_00406	CDS	498	rpl5		COG0094	50S ribosomal protein L5
PKBBMBJJ_00407	CDS	294				hypothetical protein
PKBBMBJJ_00408	CDS	183				hypothetical protein
PKBBMBJJ_00409	CDS	591				hypothetical protein
PKBBMBJJ_00410	CDS	318				hypothetical protein
PKBBMBJJ_00411	CDS	558				hypothetical protein
PKBBMBJJ_00412	CDS	315				hypothetical protein
PKBBMBJJ_00413	CDS	657	arfC	1.1.1.302	COG1985	2,5-diamino-6-ribosylamino-4(3H)-pyrimidinone 5'-phosphate reductase
PKBBMBJJ_00414	CDS	1191	dadD	3.5.4.41	COG0402	5'-deoxyadenosine deaminase
PKBBMBJJ_00415	CDS	747	gch3	3.5.4.29	COG2429	GTP cyclohydrolase III
PKBBMBJJ_00416	CDS	96				hypothetical protein
PKBBMBJJ_00417	CDS	573				hypothetical protein
PKBBMBJJ_00418	CDS	174				hypothetical protein
PKBBMBJJ_00419	CDS	1293	vgb_1	4.2.99.-		Virginiamycin B lyase
PKBBMBJJ_00420	CDS	177				hypothetical protein
PKBBMBJJ_00421	CDS	1104	coaBC		COG0452	Coenzyme A biosynthesis bifunctional protein CoaBC
PKBBMBJJ_00422	CDS	846	COQ5_1	2.1.1.163		2-methoxy-6-polyprenyl-1,4-benzoquinol methylase, mitochondrial
PKBBMBJJ_00423	CDS	177				hypothetical protein
PKBBMBJJ_00424	CDS	495				hypothetical protein
PKBBMBJJ_00425	CDS	1065	pepQ	3.4.13.9	COG0006	Xaa-Pro dipeptidase
PKBBMBJJ_00426	CDS	702				hypothetical protein
PKBBMBJJ_00427	CDS	243				hypothetical protein
PKBBMBJJ_00428	CDS	123				hypothetical protein
PKBBMBJJ_00429	CDS	588				hypothetical protein
PKBBMBJJ_00430	CDS	279				hypothetical protein
PKBBMBJJ_00431	CDS	1287	aspS	6.1.1.23	COG0017	Aspartate--tRNA(Asp/Asn) ligase
PKBBMBJJ_00432	CDS	507				hypothetical protein
PKBBMBJJ_00433	CDS	1416				hypothetical protein
PKBBMBJJ_00434	CDS	1023	murG	2.4.1.227		UDP-N-acetylglucosamine--N-acetylmuramyl-(pentapeptide) pyrophosphoryl-undecaprenol N-acetylglucosamine transferase
PKBBMBJJ_00435	CDS	414	eif5a		COG0231	Translation initiation factor 5A
PKBBMBJJ_00436	CDS	612				hypothetical protein
PKBBMBJJ_00437	CDS	840	nfo	3.1.21.2		endonuclease 4
PKBBMBJJ_00438	CDS	171				hypothetical protein
PKBBMBJJ_00439	CDS	861				hypothetical protein
PKBBMBJJ_00440	CDS	834				hypothetical protein
PKBBMBJJ_00441	CDS	582				hypothetical protein
PKBBMBJJ_00442	CDS	855				hypothetical protein
PKBBMBJJ_00443	CDS	201				hypothetical protein
PKBBMBJJ_00444	CDS	366				hypothetical protein
PKBBMBJJ_00445	tRNA	74				tRNA-Thr(ggt)
PKBBMBJJ_00446	CDS	387				hypothetical protein
PKBBMBJJ_00447	CDS	729				hypothetical protein
PKBBMBJJ_00448	CDS	186				hypothetical protein
PKBBMBJJ_00449	CDS	366				hypothetical protein
PKBBMBJJ_00450	CDS	879				hypothetical protein
PKBBMBJJ_00451	CDS	294				hypothetical protein
PKBBMBJJ_00452	CDS	219				hypothetical protein
PKBBMBJJ_00453	CDS	222				hypothetical protein
PKBBMBJJ_00454	CDS	129				hypothetical protein
PKBBMBJJ_00455	CDS	282				hypothetical protein
PKBBMBJJ_00456	CDS	1824	nasD	1.7.7.1		Assimilatory ferredoxin-dependent nitrite reductase
PKBBMBJJ_00457	CDS	819	thi4	2.4.2.59	COG1635	Thiamine thiazole synthase
PKBBMBJJ_00458	CDS	774				hypothetical protein
PKBBMBJJ_00459	CDS	588	leuD_1	4.2.1.33		3-isopropylmalate dehydratase small subunit
PKBBMBJJ_00460	CDS	1398	hacA_1	4.2.1.114	COG0065	Methanogen homoaconitase large subunit
PKBBMBJJ_00461	CDS	1302				hypothetical protein
PKBBMBJJ_00462	CDS	201				hypothetical protein
PKBBMBJJ_00463	CDS	684				hypothetical protein
PKBBMBJJ_00464	CDS	1275	gdhA	1.4.1.3		Glutamate dehydrogenase
PKBBMBJJ_00465	CDS	726	psmA_1	3.4.25.1	COG0638	Proteasome subunit alpha
PKBBMBJJ_00466	CDS	693	COQ5_2	2.1.1.163		2-methoxy-6-polyprenyl-1,4-benzoquinol methylase, mitochondrial
PKBBMBJJ_00467	CDS	243				hypothetical protein
PKBBMBJJ_00468	CDS	186				hypothetical protein
PKBBMBJJ_00469	CDS	918	fixB			Protein FixB
PKBBMBJJ_00470	CDS	393	cdd	3.5.4.5		Cytidine deaminase
PKBBMBJJ_00471	CDS	717	smc_1			Chromosome partition protein Smc
PKBBMBJJ_00472	CDS	258				hypothetical protein
PKBBMBJJ_00473	CDS	1326			COG0541	Signal recognition particle 54 kDa protein
PKBBMBJJ_00474	CDS	390				hypothetical protein
PKBBMBJJ_00475	CDS	1476	pepA	3.4.11.10		cytosol aminopeptidase
PKBBMBJJ_00476	rRNA	112				5S ribosomal RNA
PKBBMBJJ_00477	CDS	1788	btuD_3	7.6.2.8		Vitamin B12 import ATP-binding protein BtuD
PKBBMBJJ_00478	CDS	96				hypothetical protein
PKBBMBJJ_00479	CDS	543	guaAA	6.3.5.2	COG0518	GMP synthase [glutamine-hydrolyzing] subunit A
PKBBMBJJ_00480	CDS	966				hypothetical protein
PKBBMBJJ_00481	tRNA	74				tRNA-Gly(ccc)
PKBBMBJJ_00482	CDS	174				hypothetical protein
PKBBMBJJ_00483	CDS	399	rps6e		COG2125	30S ribosomal protein S6e
PKBBMBJJ_00484	CDS	1263	eif2g_2		COG5257	Translation initiation factor 2 subunit gamma
PKBBMBJJ_00485	CDS	369				hypothetical protein
PKBBMBJJ_00486	CDS	429				hypothetical protein
PKBBMBJJ_00487	CDS	156			COG2260	Ribosome biogenesis protein Nop10
PKBBMBJJ_00488	CDS	381				hypothetical protein
PKBBMBJJ_00489	CDS	354				hypothetical protein
PKBBMBJJ_00490	CDS	210				hypothetical protein
PKBBMBJJ_00491	CDS	1698				hypothetical protein
PKBBMBJJ_00492	CDS	207				hypothetical protein
PKBBMBJJ_00493	CDS	507				hypothetical protein
PKBBMBJJ_00494	CDS	300				hypothetical protein
PKBBMBJJ_00495	CDS	609	plsY	2.3.1.275		Glycerol-3-phosphate acyltransferase
PKBBMBJJ_00496	CDS	222				hypothetical protein
PKBBMBJJ_00497	CDS	363				hypothetical protein
PKBBMBJJ_00498	CDS	618	pdxT	4.3.3.6	COG0311	Pyridoxal 5'-phosphate synthase subunit PdxT
PKBBMBJJ_00499	CDS	969	pdxS	4.3.3.6	COG0214	Pyridoxal 5'-phosphate synthase subunit PdxS
PKBBMBJJ_00500	CDS	528				hypothetical protein
PKBBMBJJ_00501	CDS	969	acsA	6.2.1.1	COG0365	Acetyl-coenzyme A synthetase
PKBBMBJJ_00502	CDS	411				hypothetical protein
PKBBMBJJ_00503	CDS	513				hypothetical protein
PKBBMBJJ_00504	CDS	321				hypothetical protein
PKBBMBJJ_00505	CDS	744				hypothetical protein
PKBBMBJJ_00506	CDS	135				hypothetical protein
PKBBMBJJ_00507	CDS	870	trmI	2.1.1.219	COG2519	tRNA (adenine(57)-N(1)/adenine(58)-N(1))-methyltransferase TrmI
PKBBMBJJ_00508	CDS	864	CARKD	4.2.1.136		ATP-dependent (S)-NAD(P)H-hydrate dehydratase
PKBBMBJJ_00509	CDS	1359	dapE	3.5.1.18		Succinyl-diaminopimelate desuccinylase
PKBBMBJJ_00510	CDS	420				hypothetical protein
PKBBMBJJ_00511	CDS	585	psmB	3.4.25.1	COG0638	Proteasome subunit beta
PKBBMBJJ_00512	CDS	477				hypothetical protein
PKBBMBJJ_00513	CDS	1011				hypothetical protein
PKBBMBJJ_00514	CDS	399	msrB_1	1.8.4.12	COG0229	Peptide methionine sulfoxide reductase MsrB
PKBBMBJJ_00515	CDS	90				hypothetical protein
PKBBMBJJ_00516	CDS	231			COG1958	Putative snRNP Sm-like protein
PKBBMBJJ_00517	CDS	1179				hypothetical protein
PKBBMBJJ_00518	CDS	693				hypothetical protein
PKBBMBJJ_00519	CDS	579	scpB			Segregation and condensation protein B
PKBBMBJJ_00520	CDS	384	rps8e		COG2007	30S ribosomal protein S8e
PKBBMBJJ_00521	CDS	300				hypothetical protein
PKBBMBJJ_00522	CDS	294				hypothetical protein
PKBBMBJJ_00523	CDS	411				hypothetical protein
PKBBMBJJ_00524	CDS	1767	lig	6.5.1.1	COG1793	DNA ligase
PKBBMBJJ_00525	CDS	654				hypothetical protein
PKBBMBJJ_00526	CDS	552	nudL	3.6.1.-		putative Nudix hydrolase NudL
PKBBMBJJ_00527	CDS	732				hypothetical protein
PKBBMBJJ_00528	CDS	1020				hypothetical protein
PKBBMBJJ_00529	CDS	186				hypothetical protein
PKBBMBJJ_00530	CDS	792	menH	4.2.99.20		2-succinyl-6-hydroxy-2,4-cyclohexadiene-1-carboxylate synthase
PKBBMBJJ_00531	CDS	426				hypothetical protein
PKBBMBJJ_00532	CDS	153				hypothetical protein
PKBBMBJJ_00533	CDS	537	prmC	2.1.1.297		Release factor glutamine methyltransferase
PKBBMBJJ_00534	CDS	1032	aksF	1.1.1.87	COG0473	Homoisocitrate dehydrogenase
PKBBMBJJ_00535	tRNA	87				tRNA-Ser(gct)
PKBBMBJJ_00536	CDS	162				hypothetical protein
PKBBMBJJ_00537	CDS	171				hypothetical protein
PKBBMBJJ_00538	CDS	819				hypothetical protein
PKBBMBJJ_00539	CDS	168				hypothetical protein
PKBBMBJJ_00540	CDS	1002	purA	6.3.4.4	COG0104	Adenylosuccinate synthetase
PKBBMBJJ_00541	CDS	462				hypothetical protein
PKBBMBJJ_00542	CDS	282				hypothetical protein
PKBBMBJJ_00543	CDS	216				hypothetical protein
PKBBMBJJ_00544	CDS	183				hypothetical protein
PKBBMBJJ_00545	CDS	207				hypothetical protein
PKBBMBJJ_00546	CDS	828				hypothetical protein
PKBBMBJJ_00547	CDS	201				hypothetical protein
PKBBMBJJ_00548	CDS	612				hypothetical protein
PKBBMBJJ_00549	CDS	510				hypothetical protein
PKBBMBJJ_00550	CDS	513	rpoB1	2.7.7.6		DNA-directed RNA polymerase subunit B'
PKBBMBJJ_00551	CDS	558				hypothetical protein
PKBBMBJJ_00552	CDS	339				hypothetical protein
PKBBMBJJ_00553	CDS	447			COG0541	Signal recognition particle 54 kDa protein
PKBBMBJJ_00554	CDS	1146		5.4.99.25	COG1258	tRNA pseudouridine synthase Pus10
PKBBMBJJ_00555	CDS	240				hypothetical protein
PKBBMBJJ_00556	CDS	261				hypothetical protein
PKBBMBJJ_00557	CDS	1923	uvrB			UvrABC system protein B
PKBBMBJJ_00558	CDS	633				hypothetical protein
PKBBMBJJ_00559	CDS	225				hypothetical protein
PKBBMBJJ_00560	CDS	420				hypothetical protein
PKBBMBJJ_00561	CDS	228				hypothetical protein
PKBBMBJJ_00562	CDS	222				hypothetical protein
PKBBMBJJ_00563	CDS	912		2.7.1.169	COG1829	Pantoate kinase
PKBBMBJJ_00564	CDS	741		6.3.2.36	COG1701	4-phosphopantoate--beta-alanine ligase
PKBBMBJJ_00565	CDS	816	panB	2.1.2.11	COG0413	3-methyl-2-oxobutanoate hydroxymethyltransferase
PKBBMBJJ_00566	CDS	765				hypothetical protein
PKBBMBJJ_00567	CDS	630				hypothetical protein
PKBBMBJJ_00568	CDS	168				hypothetical protein
PKBBMBJJ_00569	CDS	1254				hypothetical protein
PKBBMBJJ_00570	CDS	522				hypothetical protein
PKBBMBJJ_00571	CDS	669				hypothetical protein
PKBBMBJJ_00572	CDS	1035	atpC			V-type ATP synthase subunit C
PKBBMBJJ_00573	CDS	237				hypothetical protein
PKBBMBJJ_00574	CDS	657				hypothetical protein
PKBBMBJJ_00575	CDS	234				hypothetical protein
PKBBMBJJ_00576	CDS	468				hypothetical protein
PKBBMBJJ_00577	CDS	456				hypothetical protein
PKBBMBJJ_00578	CDS	1515				hypothetical protein
PKBBMBJJ_00579	CDS	1356	cbiA	6.3.5.11	COG1797	Cobyrinate a,c-diamide synthase
PKBBMBJJ_00580	CDS	534				hypothetical protein
PKBBMBJJ_00581	CDS	549		2.7.4.3	COG1936	Putative adenylate kinase
PKBBMBJJ_00582	CDS	1083	hisC	2.6.1.9		Histidinol-phosphate aminotransferase
PKBBMBJJ_00583	CDS	1248	thrS	6.1.1.3	COG0441	Threonine--tRNA ligase
PKBBMBJJ_00584	CDS	876		3.5.3.24	COG0010	N(1)-aminopropylagmatine ureohydrolase
PKBBMBJJ_00585	CDS	438				hypothetical protein
PKBBMBJJ_00586	CDS	708	aglF	2.7.7.9	COG1209	UTP--glucose-1-phosphate uridylyltransferase AglF
PKBBMBJJ_00587	CDS	1305	thiDN		COG0351	Bifunctional thiamine biosynthesis protein ThiDN
PKBBMBJJ_00588	CDS	177				hypothetical protein
PKBBMBJJ_00589	CDS	225				hypothetical protein
PKBBMBJJ_00590	CDS	912	btuD_4	7.6.2.8		Vitamin B12 import ATP-binding protein BtuD
PKBBMBJJ_00591	CDS	738	smc_2			Chromosome partition protein Smc
PKBBMBJJ_00592	CDS	1323	glyA	2.1.2.-	COG0112	Serine hydroxymethyltransferase
PKBBMBJJ_00593	CDS	3378	polC	2.7.7.7	COG1933	DNA polymerase II large subunit
PKBBMBJJ_00594	CDS	747		2.5.1.41	COG1646	Geranylgeranylglyceryl phosphate synthase
PKBBMBJJ_00595	CDS	363				hypothetical protein
PKBBMBJJ_00596	CDS	606				hypothetical protein
PKBBMBJJ_00597	CDS	453			COG2238	30S ribosomal protein S19e
PKBBMBJJ_00598	CDS	282				hypothetical protein
PKBBMBJJ_00599	CDS	1077		1.3.1.84	COG1064	Acryloyl-coenzyme A reductase
PKBBMBJJ_00600	CDS	855	citE1	4.1.3.24	COG2301	L-malyl-CoA/beta-methylmalyl-CoA lyase
PKBBMBJJ_00601	CDS	705				hypothetical protein
PKBBMBJJ_00602	CDS	585				hypothetical protein
PKBBMBJJ_00603	CDS	666	ribB	4.1.99.12	COG0108	3,4-dihydroxy-2-butanone 4-phosphate synthase
PKBBMBJJ_00604	CDS	1221				hypothetical protein
PKBBMBJJ_00605	CDS	336	lnt	2.3.1.269		Apolipoprotein N-acyltransferase
PKBBMBJJ_00606	CDS	303				hypothetical protein
PKBBMBJJ_00607	CDS	642				hypothetical protein
PKBBMBJJ_00608	CDS	1023	purM	6.3.3.1		Phosphoribosylformylglycinamidine cyclo-ligase
PKBBMBJJ_00609	CDS	726				hypothetical protein
PKBBMBJJ_00610	CDS	345				hypothetical protein
PKBBMBJJ_00611	CDS	381				hypothetical protein
PKBBMBJJ_00612	CDS	825			COG0668	Small-conductance mechanosensitive channel MscMJ
PKBBMBJJ_00613	CDS	279				hypothetical protein
PKBBMBJJ_00614	CDS	558				hypothetical protein
PKBBMBJJ_00615	CDS	2679				hypothetical protein
PKBBMBJJ_00616	CDS	657	tpiA	5.3.1.1	COG0149	Triosephosphate isomerase
PKBBMBJJ_00617	CDS	285				hypothetical protein
PKBBMBJJ_00618	CDS	801	dpo1	2.7.7.7	COG0417	DNA polymerase 1
PKBBMBJJ_00619	CDS	159				hypothetical protein
PKBBMBJJ_00620	CDS	681				hypothetical protein
PKBBMBJJ_00621	CDS	429				hypothetical protein
PKBBMBJJ_00622	CDS	138				hypothetical protein
PKBBMBJJ_00623	CDS	315				hypothetical protein
PKBBMBJJ_00624	CDS	192				hypothetical protein
PKBBMBJJ_00625	CDS	108				hypothetical protein
PKBBMBJJ_00626	CDS	831				hypothetical protein
PKBBMBJJ_00627	CDS	195				hypothetical protein
PKBBMBJJ_00628	CDS	714	queE	4.3.99.3		7-carboxy-7-deazaguanine synthase
PKBBMBJJ_00629	CDS	558	folE	3.5.4.16		GTP cyclohydrolase 1
PKBBMBJJ_00630	CDS	246				hypothetical protein
PKBBMBJJ_00631	CDS	675	queC	6.3.4.20		7-cyano-7-deazaguanine synthase
PKBBMBJJ_00632	CDS	924	thrB	2.7.1.39	COG0083	Homoserine kinase
PKBBMBJJ_00633	CDS	759				hypothetical protein
PKBBMBJJ_00634	CDS	1017				hypothetical protein
PKBBMBJJ_00635	CDS	258				hypothetical protein
PKBBMBJJ_00636	CDS	393				hypothetical protein
PKBBMBJJ_00637	CDS	1068	petE			Plastocyanin
PKBBMBJJ_00638	CDS	888	cyoE_1	2.5.1.141		Protoheme IX farnesyltransferase
PKBBMBJJ_00639	CDS	297				hypothetical protein
PKBBMBJJ_00640	CDS	357	vat_2		COG0464	VCP-like ATPase
PKBBMBJJ_00641	CDS	558				hypothetical protein
PKBBMBJJ_00642	CDS	285				hypothetical protein
PKBBMBJJ_00643	CDS	219				hypothetical protein
PKBBMBJJ_00644	CDS	741	rhaD	1.1.1.377	COG1028	L-rhamnose 1-dehydrogenase (NADP(+))
PKBBMBJJ_00645	CDS	1131	sqr	1.8.5.4		Sulfide-quinone reductase
PKBBMBJJ_00646	CDS	216				hypothetical protein
PKBBMBJJ_00647	tRNA	74				tRNA-Pro(ggg)
PKBBMBJJ_00648	CDS	762				hypothetical protein
PKBBMBJJ_00649	CDS	1332	cca	2.7.7.72		CCA-adding enzyme
PKBBMBJJ_00650	CDS	534		3.1.4.58	COG1514	RNA 2',3'-cyclic phosphodiesterase
PKBBMBJJ_00651	CDS	519				hypothetical protein
PKBBMBJJ_00652	CDS	396				hypothetical protein
PKBBMBJJ_00653	CDS	414				hypothetical protein
PKBBMBJJ_00654	CDS	900	rnz	3.1.26.11	COG1234	Ribonuclease Z
PKBBMBJJ_00655	CDS	948		2.1.1.213	COG1041	tRNA (guanine(10)-N2)-dimethyltransferase
PKBBMBJJ_00656	CDS	717	aqpM_1		COG0580	Aquaporin AqpM
PKBBMBJJ_00657	CDS	459		1.11.1.15	COG0450	Peroxiredoxin
PKBBMBJJ_00658	CDS	1008				hypothetical protein
PKBBMBJJ_00659	CDS	267				hypothetical protein
PKBBMBJJ_00660	CDS	216				hypothetical protein
PKBBMBJJ_00661	CDS	756				hypothetical protein
PKBBMBJJ_00662	CDS	375				hypothetical protein
PKBBMBJJ_00663	tRNA	72				tRNA-Cys(gca)
PKBBMBJJ_00664	CDS	441				hypothetical protein
PKBBMBJJ_00665	CDS	1752				hypothetical protein
PKBBMBJJ_00666	CDS	948				hypothetical protein
PKBBMBJJ_00667	CDS	555				hypothetical protein
PKBBMBJJ_00668	CDS	1209	arnC	2.4.2.53		Undecaprenyl-phosphate 4-deoxy-4-formamido-L-arabinose transferase
PKBBMBJJ_00669	CDS	1164				hypothetical protein
PKBBMBJJ_00670	CDS	1170	cofG	4.3.1.32	COG1060	7,8-didemethyl-8-hydroxy-5-deazariboflavin synthase
PKBBMBJJ_00671	CDS	984				hypothetical protein
PKBBMBJJ_00672	CDS	255	gatD_1	6.3.5.-	COG0252	Glutamyl-tRNA(Gln) amidotransferase subunit D
PKBBMBJJ_00673	CDS	606				hypothetical protein
PKBBMBJJ_00674	CDS	1449	polB	2.7.7.7	COG1311	DNA polymerase II small subunit
PKBBMBJJ_00675	CDS	1203	cdc6		COG1474	ORC1-type DNA replication protein
PKBBMBJJ_00676	CDS	402				hypothetical protein
PKBBMBJJ_00677	CDS	162				hypothetical protein
PKBBMBJJ_00678	CDS	510				hypothetical protein
PKBBMBJJ_00679	CDS	225				hypothetical protein
PKBBMBJJ_00680	CDS	204				hypothetical protein
PKBBMBJJ_00681	CDS	531	murE	6.3.2.7		UDP-N-acetylmuramoyl-L-alanyl-D-glutamate--2,6-diaminopimelate ligase
PKBBMBJJ_00682	CDS	1059	mraY	2.7.8.13		Phospho-N-acetylmuramoyl-pentapeptide-transferase
PKBBMBJJ_00683	CDS	1185	murD	6.3.2.9		UDP-N-acetylmuramoylalanine--D-glutamate ligase
PKBBMBJJ_00684	CDS	273		3.1.13.-	COG0689	Exosome complex component Rrp41
PKBBMBJJ_00685	CDS	819			COG2123	Exosome complex component Rrp42
PKBBMBJJ_00686	CDS	213			COG1997	50S ribosomal protein L37Ae
PKBBMBJJ_00687	CDS	246				hypothetical protein
PKBBMBJJ_00688	CDS	459	lspA	3.4.23.36		Lipoprotein signal peptidase
PKBBMBJJ_00689	CDS	525	dksA			RNA polymerase-binding transcription factor DksA
PKBBMBJJ_00690	CDS	231				hypothetical protein
PKBBMBJJ_00691	CDS	468				hypothetical protein
PKBBMBJJ_00692	CDS	159				hypothetical protein
PKBBMBJJ_00693	CDS	312				hypothetical protein
PKBBMBJJ_00694	CDS	420				hypothetical protein
PKBBMBJJ_00695	CDS	399				hypothetical protein
PKBBMBJJ_00696	CDS	588				hypothetical protein
PKBBMBJJ_00697	CDS	252	rpoH	2.7.7.6	COG2012	DNA-directed RNA polymerase subunit H
PKBBMBJJ_00698	CDS	780	purE_1	5.4.99.18		N5-carboxyaminoimidazole ribonucleotide mutase
PKBBMBJJ_00699	CDS	120				hypothetical protein
PKBBMBJJ_00700	CDS	198				hypothetical protein
PKBBMBJJ_00701	CDS	1359				hypothetical protein
PKBBMBJJ_00702	CDS	651				hypothetical protein
PKBBMBJJ_00703	CDS	495				hypothetical protein
PKBBMBJJ_00704	CDS	618				hypothetical protein
PKBBMBJJ_00705	CDS	204				hypothetical protein
PKBBMBJJ_00706	CDS	267	ef1b		COG2092	Elongation factor 1-beta
PKBBMBJJ_00707	CDS	552				hypothetical protein
PKBBMBJJ_00708	CDS	192				hypothetical protein
PKBBMBJJ_00709	CDS	816				hypothetical protein
PKBBMBJJ_00710	CDS	324			COG1911	50S ribosomal protein L30e
PKBBMBJJ_00711	CDS	465	nusA			Transcription termination/antitermination protein NusA
PKBBMBJJ_00712	CDS	438			COG0048	30S ribosomal protein S12
PKBBMBJJ_00713	CDS	600	rps7		COG0049	30S ribosomal protein S7
PKBBMBJJ_00714	tRNA	89				tRNA-Gln(ctg)
PKBBMBJJ_00715	CDS	369				hypothetical protein
PKBBMBJJ_00716	CDS	477	mntR_1			HTH-type transcriptional regulator MntR
PKBBMBJJ_00717	CDS	165				hypothetical protein
PKBBMBJJ_00718	CDS	453				hypothetical protein
PKBBMBJJ_00719	CDS	324				hypothetical protein
PKBBMBJJ_00720	CDS	309			COG0023	Protein translation factor SUI1 
PKBBMBJJ_00721	CDS	975				hypothetical protein
PKBBMBJJ_00722	CDS	288	fbiD	2.7.7.68		Phosphoenolpyruvate guanylyltransferase
PKBBMBJJ_00723	CDS	276				hypothetical protein
PKBBMBJJ_00724	CDS	447				hypothetical protein
PKBBMBJJ_00725	CDS	642	cdvB1		COG5491	Cell division protein B1
PKBBMBJJ_00726	CDS	474				hypothetical protein
PKBBMBJJ_00727	CDS	261				hypothetical protein
PKBBMBJJ_00728	CDS	831				hypothetical protein
PKBBMBJJ_00729	CDS	279	rnp1	3.1.26.5	COG1588	Ribonuclease P protein component 1
PKBBMBJJ_00730	CDS	330			COG0186	30S ribosomal protein S17
PKBBMBJJ_00731	CDS	426			COG0093	50S ribosomal protein L14
PKBBMBJJ_00732	CDS	417				hypothetical protein
PKBBMBJJ_00733	CDS	720				hypothetical protein
PKBBMBJJ_00734	CDS	495				hypothetical protein
PKBBMBJJ_00735	CDS	351				hypothetical protein
PKBBMBJJ_00736	CDS	465	mntR_2			HTH-type transcriptional regulator MntR
PKBBMBJJ_00737	CDS	1821			COG1855	putative KH and PIN-domain containing protein
PKBBMBJJ_00738	CDS	144				hypothetical protein
PKBBMBJJ_00739	CDS	1416	tldD	3.4.-.-	COG0312	Zinc metalloprotease TldD 
PKBBMBJJ_00740	CDS	594	afung	3.2.2.27	COG1573	Type-4 uracil-DNA glycosylase
PKBBMBJJ_00741	CDS	558		3.2.2.-		Putative 3-methyladenine DNA glycosylase
PKBBMBJJ_00742	CDS	657				hypothetical protein
PKBBMBJJ_00743	CDS	501				hypothetical protein
PKBBMBJJ_00744	CDS	375				hypothetical protein
PKBBMBJJ_00745	CDS	282				hypothetical protein
PKBBMBJJ_00746	CDS	936	btuD_5	7.6.2.8		Vitamin B12 import ATP-binding protein BtuD
PKBBMBJJ_00747	CDS	996	dph2	2.5.1.108	COG1736	2-(3-amino-3-carboxypropyl)histidine synthase
PKBBMBJJ_00748	CDS	600				hypothetical protein
PKBBMBJJ_00749	CDS	423	cysC	2.7.1.25	COG0529	putative adenylyl-sulfate kinase
PKBBMBJJ_00750	CDS	816	cysQ	3.1.3.7		3'(2'),5'-bisphosphate nucleotidase CysQ
PKBBMBJJ_00751	CDS	249				hypothetical protein
PKBBMBJJ_00752	CDS	180				hypothetical protein
PKBBMBJJ_00753	CDS	615	atpE		COG1390	V-type ATP synthase subunit E
PKBBMBJJ_00754	CDS	159				hypothetical protein
PKBBMBJJ_00755	CDS	879				hypothetical protein
PKBBMBJJ_00756	CDS	951				hypothetical protein
PKBBMBJJ_00757	CDS	417				hypothetical protein
PKBBMBJJ_00758	CDS	507	gpmA	5.4.2.11		2,3-bisphosphoglycerate-dependent phosphoglycerate mutase
PKBBMBJJ_00759	CDS	684	cheB	3.5.1.44		Protein-glutamate methylesterase/protein-glutamine glutaminase
PKBBMBJJ_00760	CDS	708				hypothetical protein
PKBBMBJJ_00761	CDS	756	malK_2	7.5.2.1		Trehalose/maltose import ATP-binding protein MalK
PKBBMBJJ_00762	CDS	1269				hypothetical protein
PKBBMBJJ_00763	CDS	1386				hypothetical protein
PKBBMBJJ_00764	CDS	486				hypothetical protein
PKBBMBJJ_00765	CDS	951	rfcS		COG0470	Replication factor C small subunit
PKBBMBJJ_00766	tRNA	86				tRNA-Ser(tga)
PKBBMBJJ_00767	CDS	549	napF_1			Ferredoxin-type protein NapF
PKBBMBJJ_00768	CDS	510	napF_2			Ferredoxin-type protein NapF
PKBBMBJJ_00769	CDS	687	eif6		COG1976	Translation initiation factor 6
PKBBMBJJ_00770	CDS	1281	hisS	6.1.1.21	COG0124	Histidine--tRNA ligase
PKBBMBJJ_00771	CDS	654	recA_3			Protein RecA
PKBBMBJJ_00772	CDS	120				hypothetical protein
PKBBMBJJ_00773	CDS	417				hypothetical protein
PKBBMBJJ_00774	CDS	1212				hypothetical protein
PKBBMBJJ_00775	CDS	360				hypothetical protein
PKBBMBJJ_00776	CDS	426	purK	6.3.4.18		N5-carboxyaminoimidazole ribonucleotide synthase
PKBBMBJJ_00777	CDS	375				hypothetical protein
PKBBMBJJ_00778	CDS	147				hypothetical protein
PKBBMBJJ_00779	CDS	243				hypothetical protein
PKBBMBJJ_00780	CDS	669	glmU		COG1208	Bifunctional protein GlmU
PKBBMBJJ_00781	CDS	144				hypothetical protein
PKBBMBJJ_00782	CDS	966	mer_3	1.5.98.2	COG2141	5,10-methylenetetrahydromethanopterin reductase
PKBBMBJJ_00783	CDS	1110				hypothetical protein
PKBBMBJJ_00784	CDS	591	trpG	4.1.3.27	COG0512	Anthranilate synthase component 2
PKBBMBJJ_00785	CDS	1047	trpD	2.4.2.18	COG0547	Anthranilate phosphoribosyltransferase
PKBBMBJJ_00786	CDS	777	trpC			Indole-3-glycerol phosphate synthase
PKBBMBJJ_00787	CDS	360				hypothetical protein
PKBBMBJJ_00788	CDS	447				hypothetical protein
PKBBMBJJ_00789	CDS	1338				hypothetical protein
PKBBMBJJ_00790	CDS	387				hypothetical protein
PKBBMBJJ_00791	CDS	300				hypothetical protein
PKBBMBJJ_00792	CDS	513				hypothetical protein
PKBBMBJJ_00793	CDS	1008	birA_2	6.3.4.15		Bifunctional ligase/repressor BirA
PKBBMBJJ_00794	CDS	228				hypothetical protein
PKBBMBJJ_00795	CDS	342				hypothetical protein
PKBBMBJJ_00796	CDS	171				hypothetical protein
PKBBMBJJ_00797	CDS	249				hypothetical protein
PKBBMBJJ_00798	CDS	240				hypothetical protein
PKBBMBJJ_00799	CDS	273	spxA_1			Regulatory protein Spx
PKBBMBJJ_00800	CDS	243				hypothetical protein
PKBBMBJJ_00801	CDS	309				hypothetical protein
PKBBMBJJ_00802	CDS	3804				hypothetical protein
PKBBMBJJ_00803	CDS	969				hypothetical protein
PKBBMBJJ_00804	CDS	534	asd	1.2.1.11	COG0136	Aspartate-semialdehyde dehydrogenase
PKBBMBJJ_00805	CDS	360			COG1522	putative HTH-type transcriptional regulator
PKBBMBJJ_00806	CDS	930	cyoE_2	2.5.1.141		Protoheme IX farnesyltransferase
PKBBMBJJ_00807	CDS	417				hypothetical protein
PKBBMBJJ_00808	CDS	765	glcV_1	7.5.2.-	COG3839	Glucose import ATP-binding protein GlcV
PKBBMBJJ_00809	CDS	249				hypothetical protein
PKBBMBJJ_00810	CDS	408	prf1		COG1503	Peptide chain release factor subunit 1
PKBBMBJJ_00811	CDS	408				hypothetical protein
PKBBMBJJ_00812	CDS	1794				hypothetical protein
PKBBMBJJ_00813	CDS	474			COG2042	putative ribosome biogenesis protein
PKBBMBJJ_00814	CDS	303	hcaC_2			3-phenylpropionate/cinnamic acid dioxygenase ferredoxin subunit
PKBBMBJJ_00815	CDS	492				hypothetical protein
PKBBMBJJ_00816	CDS	759	cmoA	2.1.3.-		Carboxy-S-adenosyl-L-methionine synthase
PKBBMBJJ_00817	CDS	852	nadE_2	6.3.1.5	COG0171	NH(3)-dependent NAD(+) synthetase
PKBBMBJJ_00818	CDS	621				hypothetical protein
PKBBMBJJ_00819	CDS	567				hypothetical protein
PKBBMBJJ_00820	CDS	933				hypothetical protein
PKBBMBJJ_00821	CDS	342				hypothetical protein
PKBBMBJJ_00822	CDS	636				hypothetical protein
PKBBMBJJ_00823	CDS	1641	lepA	3.6.5.-		Elongation factor 4
PKBBMBJJ_00824	CDS	414				hypothetical protein
PKBBMBJJ_00825	CDS	384				hypothetical protein
PKBBMBJJ_00826	CDS	381				hypothetical protein
PKBBMBJJ_00827	CDS	534				hypothetical protein
PKBBMBJJ_00828	CDS	207				hypothetical protein
PKBBMBJJ_00829	CDS	1008				hypothetical protein
PKBBMBJJ_00830	CDS	267				hypothetical protein
PKBBMBJJ_00831	CDS	291				hypothetical protein
PKBBMBJJ_00832	CDS	693		3.1.3.3	COG0560	Phosphoserine phosphatase
PKBBMBJJ_00833	CDS	339				hypothetical protein
PKBBMBJJ_00834	CDS	153				hypothetical protein
PKBBMBJJ_00835	CDS	393				hypothetical protein
PKBBMBJJ_00836	CDS	396				hypothetical protein
PKBBMBJJ_00837	CDS	327				hypothetical protein
PKBBMBJJ_00838	CDS	639				hypothetical protein
PKBBMBJJ_00839	CDS	867			COG0244	50S ribosomal protein L10
PKBBMBJJ_00840	CDS	663	rpl1		COG0081	50S ribosomal protein L1
PKBBMBJJ_00841	CDS	432			COG1522	putative HTH-type transcriptional regulator
PKBBMBJJ_00842	CDS	480			COG0080	50S ribosomal protein L11
PKBBMBJJ_00843	CDS	459	spt5		COG0250	Transcription elongation factor Spt5
PKBBMBJJ_00844	CDS	174				hypothetical protein
PKBBMBJJ_00845	CDS	777	dtdA	3.1.1.96	COG1650	D-aminoacyl-tRNA deacylase
PKBBMBJJ_00846	CDS	300	ogt	2.1.1.63	COG0350	Methylated-DNA--protein-cysteine methyltransferase
PKBBMBJJ_00847	CDS	456			COG2147	50S ribosomal protein L19e
PKBBMBJJ_00848	CDS	114				hypothetical protein
PKBBMBJJ_00849	CDS	2658	dbpA_2	3.6.4.13		ATP-dependent RNA helicase DbpA
PKBBMBJJ_00850	CDS	630				hypothetical protein
PKBBMBJJ_00851	CDS	417				hypothetical protein
PKBBMBJJ_00852	CDS	738	psmA_2	3.4.25.1	COG0638	Proteasome subunit alpha
PKBBMBJJ_00853	CDS	813				hypothetical protein
PKBBMBJJ_00854	CDS	996	rpl3		COG0087	50S ribosomal protein L3
PKBBMBJJ_00855	CDS	813	rpl4		COG0088	50S ribosomal protein L4
PKBBMBJJ_00856	CDS	267			COG0089	50S ribosomal protein L23
PKBBMBJJ_00857	CDS	396			COG0185	30S ribosomal protein S19
PKBBMBJJ_00858	CDS	582	ilvE	2.6.1.42	COG0115	Putative branched-chain-amino-acid aminotransferase
PKBBMBJJ_00859	CDS	1044	egsA	1.1.1.261	COG0371	Glycerol-1-phosphate dehydrogenase [NAD(P)+]
PKBBMBJJ_00860	CDS	195				hypothetical protein
PKBBMBJJ_00861	CDS	1071				hypothetical protein
PKBBMBJJ_00862	CDS	1365	vgb_2	4.2.99.-		Virginiamycin B lyase
PKBBMBJJ_00863	CDS	567	rutE	1.1.1.298		malonic semialdehyde reductase RutE
PKBBMBJJ_00864	CDS	234				hypothetical protein
PKBBMBJJ_00865	CDS	210				hypothetical protein
PKBBMBJJ_00866	CDS	177				hypothetical protein
PKBBMBJJ_00867	CDS	357				hypothetical protein
PKBBMBJJ_00868	CDS	222				hypothetical protein
PKBBMBJJ_00869	CDS	315				hypothetical protein
PKBBMBJJ_00870	CDS	462				hypothetical protein
PKBBMBJJ_00871	CDS	1281				hypothetical protein
PKBBMBJJ_00872	CDS	423			COG1310	putative metalloprotease
PKBBMBJJ_00873	CDS	342				hypothetical protein
PKBBMBJJ_00874	CDS	324				hypothetical protein
PKBBMBJJ_00875	CDS	1368				hypothetical protein
PKBBMBJJ_00876	CDS	750				hypothetical protein
PKBBMBJJ_00877	tRNA	75				tRNA-Ala(ggc)
PKBBMBJJ_00878	CDS	537				hypothetical protein
PKBBMBJJ_00879	CDS	288	albA2_1		COG1581	DNA/RNA-binding protein Alba 2
PKBBMBJJ_00880	CDS	867	prpB	4.1.3.30		2-methylisocitrate lyase
PKBBMBJJ_00881	CDS	270				hypothetical protein
PKBBMBJJ_00882	CDS	264				hypothetical protein
PKBBMBJJ_00883	CDS	507				hypothetical protein
PKBBMBJJ_00884	CDS	819				hypothetical protein
PKBBMBJJ_00885	CDS	1194	dld	1.1.99.6	COG0277	D-lactate dehydrogenase (acceptor)
PKBBMBJJ_00886	CDS	243				hypothetical protein
PKBBMBJJ_00887	CDS	621	sod	1.15.1.1	COG0605	Superoxide dismutase [Fe]
PKBBMBJJ_00888	CDS	330				hypothetical protein
PKBBMBJJ_00889	CDS	465				hypothetical protein
PKBBMBJJ_00890	CDS	228				hypothetical protein
PKBBMBJJ_00891	CDS	162				hypothetical protein
PKBBMBJJ_00892	tRNA	79				tRNA-Glu(ttc)
PKBBMBJJ_00893	CDS	633				hypothetical protein
PKBBMBJJ_00894	tRNA	74				tRNA-Met(cat)
PKBBMBJJ_00895	CDS	606	pyrE	2.4.2.10	COG0461	Orotate phosphoribosyltransferase
PKBBMBJJ_00896	CDS	1083				hypothetical protein
PKBBMBJJ_00897	CDS	813				hypothetical protein
PKBBMBJJ_00898	CDS	357				hypothetical protein
PKBBMBJJ_00899	CDS	249				hypothetical protein
PKBBMBJJ_00900	CDS	270	spxA_2			Regulatory protein Spx
PKBBMBJJ_00901	CDS	258				hypothetical protein
PKBBMBJJ_00902	CDS	441	tfb_3		COG1372	Transcription initiation factor IIB
PKBBMBJJ_00903	CDS	2502	ape2	3.4.11.1	COG0308	Leucyl aminopeptidase
PKBBMBJJ_00904	CDS	408				hypothetical protein
PKBBMBJJ_00905	CDS	918	icmF_1	5.4.99.13		Fused isobutyryl-CoA mutase
PKBBMBJJ_00906	CDS	1602	icmF_2	5.4.99.13		Fused isobutyryl-CoA mutase
PKBBMBJJ_00907	CDS	393		5.1.99.1	COG0346	Methylmalonyl-CoA epimerase
PKBBMBJJ_00908	CDS	216				hypothetical protein
PKBBMBJJ_00909	CDS	1182	btuD_6	7.6.2.8		Vitamin B12 import ATP-binding protein BtuD
PKBBMBJJ_00910	CDS	828	trm5b	2.1.1.228	COG2520	tRNA (guanine(37)-N1)-methyltransferase Trm5b
PKBBMBJJ_00911	CDS	231				hypothetical protein
PKBBMBJJ_00912	CDS	546	ard1	2.3.1.255	COG0456	N-alpha-acetyltransferase
PKBBMBJJ_00913	CDS	840				hypothetical protein
PKBBMBJJ_00914	CDS	363				hypothetical protein
PKBBMBJJ_00915	tRNA	75				tRNA-Met(cat)
PKBBMBJJ_00916	CDS	1701				hypothetical protein
PKBBMBJJ_00917	CDS	651		3.2.2.-		G/T mismatches repair enzyme
PKBBMBJJ_00918	CDS	666				hypothetical protein
PKBBMBJJ_00919	CDS	345	purE_2	5.4.99.18	COG0041	N5-carboxyaminoimidazole ribonucleotide mutase
PKBBMBJJ_00920	CDS	798				hypothetical protein
PKBBMBJJ_00921	CDS	741		2.1.1.107	COG0007	S-adenosyl-L-methionine-dependent uroporphyrinogen III methyltransferase
PKBBMBJJ_00922	CDS	936	hemC	2.5.1.61		Porphobilinogen deaminase
PKBBMBJJ_00923	CDS	1278	hemL	5.4.3.8	COG0001	Glutamate-1-semialdehyde 2,1-aminomutase
PKBBMBJJ_00924	CDS	705	aqpM_2		COG0580	putative aquaporin AqpM
PKBBMBJJ_00925	CDS	414	arsC	1.20.4.-		Putative arsenate reductase
PKBBMBJJ_00926	CDS	897	aroA'_1	2.2.1.10	COG1830	2-amino-3,7-dideoxy-D-threo-hept-6-ulosonate synthase
PKBBMBJJ_00927	CDS	414				hypothetical protein
PKBBMBJJ_00928	CDS	132				hypothetical protein
PKBBMBJJ_00929	CDS	261				hypothetical protein
PKBBMBJJ_00930	CDS	171				hypothetical protein
PKBBMBJJ_00931	CDS	753				hypothetical protein
PKBBMBJJ_00932	CDS	729				hypothetical protein
PKBBMBJJ_00933	tRNA	74				tRNA-Gly(tcc)
PKBBMBJJ_00934	CDS	669	nep1	2.1.1.-	COG1756	Ribosomal RNA small subunit methyltransferase Nep1
PKBBMBJJ_00935	CDS	1143				hypothetical protein
PKBBMBJJ_00936	CDS	231	nadX_2	1.4.1.21		L-aspartate dehydrogenase
PKBBMBJJ_00937	CDS	957	nadA	2.5.1.72	COG0379	Quinolinate synthase A
PKBBMBJJ_00938	CDS	402				hypothetical protein
PKBBMBJJ_00939	CDS	825	purC	6.3.2.6		Phosphoribosylaminoimidazole-succinocarboxamide synthase
PKBBMBJJ_00940	CDS	387				hypothetical protein
PKBBMBJJ_00941	CDS	279				hypothetical protein
PKBBMBJJ_00942	CDS	201				hypothetical protein
PKBBMBJJ_00943	CDS	1143	phnW	2.6.1.37		2-aminoethylphosphonate--pyruvate transaminase
PKBBMBJJ_00944	CDS	192		2.7.7.1		Nicotinamide-nucleotide adenylyltransferase
PKBBMBJJ_00945	CDS	552				hypothetical protein
PKBBMBJJ_00946	CDS	474				hypothetical protein
PKBBMBJJ_00947	CDS	1158		4.1.1.-		Phenolic acid decarboxylase
PKBBMBJJ_00948	CDS	489				hypothetical protein
PKBBMBJJ_00949	CDS	687				hypothetical protein
PKBBMBJJ_00950	CDS	375				hypothetical protein
PKBBMBJJ_00951	CDS	240				hypothetical protein
PKBBMBJJ_00952	CDS	594				hypothetical protein
PKBBMBJJ_00953	CDS	492				hypothetical protein
PKBBMBJJ_00954	tRNA	75				tRNA-Arg(tcg)
PKBBMBJJ_00955	CDS	492	rex			Redox-sensing transcriptional repressor Rex
PKBBMBJJ_00956	CDS	996				hypothetical protein
PKBBMBJJ_00957	CDS	627		3.6.-.-	COG3642	KEOPS complex subunit Bud32
PKBBMBJJ_00958	CDS	318				hypothetical protein
PKBBMBJJ_00959	CDS	984			COG0533	putative bifunctional tRNA threonylcarbamoyladenosine biosynthesis protein
PKBBMBJJ_00960	CDS	924	OLA1			Obg-like ATPase 1
PKBBMBJJ_00961	CDS	1326	ubiD	4.1.1.98		3-octaprenyl-4-hydroxybenzoate carboxy-lyase
PKBBMBJJ_00962	CDS	321	cofH_2	2.5.1.147	COG1060	5-amino-6-(D-ribitylamino)uracil--L-tyrosine 4-hydroxyphenyl transferase
PKBBMBJJ_00963	CDS	207				hypothetical protein
PKBBMBJJ_00964	CDS	747	pcn		COG0592	DNA polymerase sliding clamp
PKBBMBJJ_00965	CDS	315	tfs			Transcription factor S
PKBBMBJJ_00966	CDS	831				hypothetical protein
PKBBMBJJ_00967	CDS	153				hypothetical protein
PKBBMBJJ_00968	CDS	147				hypothetical protein
PKBBMBJJ_00969	CDS	495				hypothetical protein
PKBBMBJJ_00970	CDS	258				hypothetical protein
PKBBMBJJ_00971	CDS	1152	sufS_2	2.8.1.7	COG0520	Cysteine desulfurase
PKBBMBJJ_00972	CDS	615				hypothetical protein
PKBBMBJJ_00973	CDS	1176	gatD_2	6.3.5.-	COG0252	Glutamyl-tRNA(Gln) amidotransferase subunit D
PKBBMBJJ_00974	CDS	1911	gatE	6.3.5.-	COG2511	Glutamyl-tRNA(Gln) amidotransferase subunit E
PKBBMBJJ_00975	tRNA	87				tRNA-Leu(cag)
PKBBMBJJ_00976	CDS	165				hypothetical protein
PKBBMBJJ_00977	CDS	540				hypothetical protein
PKBBMBJJ_00978	CDS	1059	dnaJ_2			Chaperone protein DnaJ
PKBBMBJJ_00979	CDS	246				hypothetical protein
PKBBMBJJ_00980	tRNA	77				tRNA-Pro(tgg)
PKBBMBJJ_00981	CDS	564				hypothetical protein
PKBBMBJJ_00982	CDS	183				hypothetical protein
PKBBMBJJ_00983	CDS	132				hypothetical protein
PKBBMBJJ_00984	CDS	1251	kefB_1			Glutathione-regulated potassium-efflux system protein KefB
PKBBMBJJ_00985	CDS	1587		2.3.1.-	COG1243	tRNA uridine(34) acetyltransferase
PKBBMBJJ_00986	CDS	1593	lysS	6.1.1.6	COG1384	Lysine--tRNA ligase
PKBBMBJJ_00987	CDS	201				hypothetical protein
PKBBMBJJ_00988	CDS	762				hypothetical protein
PKBBMBJJ_00989	CDS	447				hypothetical protein
PKBBMBJJ_00990	CDS	135				hypothetical protein
PKBBMBJJ_00991	CDS	171				hypothetical protein
PKBBMBJJ_00992	CDS	159				hypothetical protein
PKBBMBJJ_00993	CDS	300				hypothetical protein
PKBBMBJJ_00994	CDS	261				hypothetical protein
PKBBMBJJ_00995	CDS	372				hypothetical protein
PKBBMBJJ_00996	CDS	258				hypothetical protein
PKBBMBJJ_00997	CDS	885				hypothetical protein
PKBBMBJJ_00998	CDS	825				hypothetical protein
PKBBMBJJ_00999	CDS	255				hypothetical protein
PKBBMBJJ_01000	CDS	255				hypothetical protein
PKBBMBJJ_01001	CDS	576				hypothetical protein
PKBBMBJJ_01002	CDS	276				hypothetical protein
PKBBMBJJ_01003	CDS	1197	kefB_2			Glutathione-regulated potassium-efflux system protein KefB
PKBBMBJJ_01004	tRNA	77				tRNA-Arg(gcg)
PKBBMBJJ_01005	CDS	1029	thrS-cat	6.1.1.3	COG0441	Threonine--tRNA ligase catalytic subunit
PKBBMBJJ_01006	CDS	510				hypothetical protein
PKBBMBJJ_01007	CDS	342				hypothetical protein
PKBBMBJJ_01008	CDS	462				hypothetical protein
PKBBMBJJ_01009	CDS	483				hypothetical protein
PKBBMBJJ_01010	CDS	591	cbiT	2.1.1.196	COG2242	putative cobalt-precorrin-6B C(15)-methyltransferase (decarboxylating)
PKBBMBJJ_01011	CDS	198			COG2051	30S ribosomal protein S27e
PKBBMBJJ_01012	CDS	585	cobY	2.7.7.62	COG2266	Adenosylcobinamide-phosphate guanylyltransferase
PKBBMBJJ_01013	CDS	726	cobS	2.7.8.26		Adenosylcobinamide-GDP ribazoletransferase
PKBBMBJJ_01014	CDS	972	cbiB			Cobalamin biosynthesis protein CbiB
PKBBMBJJ_01015	CDS	552	cobQ			Cobyric acid synthase
PKBBMBJJ_01016	CDS	783	aroA'_2	2.2.1.10	COG1830	2-amino-3,7-dideoxy-D-threo-hept-6-ulosonate synthase
PKBBMBJJ_01017	CDS	1062	aroB'	1.4.1.24	COG1465	3-dehydroquinate synthase
PKBBMBJJ_01018	CDS	678	aroD	4.2.1.10	COG0710	3-dehydroquinate dehydratase
PKBBMBJJ_01019	CDS	819	aroE	1.1.1.25	COG0169	Shikimate dehydrogenase (NADP(+))
PKBBMBJJ_01020	CDS	135				hypothetical protein
PKBBMBJJ_01021	CDS	435				hypothetical protein
PKBBMBJJ_01022	CDS	1092	dbh	2.7.7.7	COG0389	DNA polymerase IV
PKBBMBJJ_01023	CDS	936				hypothetical protein
PKBBMBJJ_01024	CDS	480				hypothetical protein
PKBBMBJJ_01025	CDS	723	glcV_2	7.5.2.-	COG3839	Glucose import ATP-binding protein GlcV
PKBBMBJJ_01026	CDS	135				hypothetical protein
PKBBMBJJ_01027	CDS	177				hypothetical protein
PKBBMBJJ_01028	CDS	378	sua5	2.7.7.87	COG0009	Threonylcarbamoyl-AMP synthase
PKBBMBJJ_01029	CDS	522				hypothetical protein
PKBBMBJJ_01030	CDS	774				hypothetical protein
PKBBMBJJ_01031	CDS	351				hypothetical protein
PKBBMBJJ_01032	CDS	759	dtd3	3.1.1.96		D-aminoacyl-tRNA deacylase
PKBBMBJJ_01033	CDS	219	hmfA		COG2036	DNA-binding protein HMf-1
PKBBMBJJ_01034	CDS	1149	dnaJ_3			Chaperone protein DnaJ
PKBBMBJJ_01035	CDS	678				hypothetical protein
PKBBMBJJ_01036	CDS	1446	glnA	6.3.1.2	COG0174	Glutamine synthetase
PKBBMBJJ_01037	CDS	444				hypothetical protein
PKBBMBJJ_01038	CDS	561	cmk	2.7.4.25		Cytidylate kinase
PKBBMBJJ_01039	CDS	1002	truB	5.4.99.25	COG0130	putative tRNA pseudouridine synthase B
PKBBMBJJ_01040	CDS	507				hypothetical protein
PKBBMBJJ_01041	CDS	1083	lhgD	1.1.5.-		L-2-hydroxyglutarate dehydrogenase
PKBBMBJJ_01042	CDS	630	tfb_4			Transcription initiation factor IIB
PKBBMBJJ_01043	CDS	411	gpt	2.4.2.22		Xanthine phosphoribosyltransferase
PKBBMBJJ_01044	CDS	432				hypothetical protein
PKBBMBJJ_01045	CDS	930	fusA		COG0480	Elongation factor 2
PKBBMBJJ_01046	CDS	147				hypothetical protein
PKBBMBJJ_01047	CDS	582				hypothetical protein
PKBBMBJJ_01048	CDS	243				hypothetical protein
PKBBMBJJ_01049	CDS	231				hypothetical protein
PKBBMBJJ_01050	CDS	426				hypothetical protein
PKBBMBJJ_01051	CDS	204				hypothetical protein
PKBBMBJJ_01052	CDS	381				hypothetical protein
PKBBMBJJ_01053	CDS	354				hypothetical protein
PKBBMBJJ_01054	CDS	207				hypothetical protein
PKBBMBJJ_01055	CDS	234				hypothetical protein
PKBBMBJJ_01056	CDS	273				hypothetical protein
PKBBMBJJ_01057	CDS	405			COG1717	50S ribosomal protein L32e
PKBBMBJJ_01058	CDS	588				hypothetical protein
PKBBMBJJ_01059	tRNA	73				tRNA-His(gtg)
PKBBMBJJ_01060	CDS	387				hypothetical protein
PKBBMBJJ_01061	CDS	348				hypothetical protein
PKBBMBJJ_01062	CDS	762				hypothetical protein
PKBBMBJJ_01063	CDS	270				hypothetical protein
PKBBMBJJ_01064	CDS	1461				hypothetical protein
PKBBMBJJ_01065	CDS	1047		2.7.2.4	COG0527	putative aspartokinase
PKBBMBJJ_01066	CDS	255	crcB			Putative fluoride ion transporter CrcB
PKBBMBJJ_01067	CDS	483				hypothetical protein
PKBBMBJJ_01068	CDS	300				hypothetical protein
PKBBMBJJ_01069	CDS	372	msrB_2	1.8.4.12	COG0229	Peptide methionine sulfoxide reductase MsrB
PKBBMBJJ_01070	CDS	351				hypothetical protein
PKBBMBJJ_01071	CDS	237				hypothetical protein
PKBBMBJJ_01072	CDS	189	cobB1	2.3.1.286	COG0846	NAD-dependent protein deacylase 1
PKBBMBJJ_01073	CDS	630				hypothetical protein
PKBBMBJJ_01074	CDS	540				hypothetical protein
PKBBMBJJ_01075	CDS	930				hypothetical protein
PKBBMBJJ_01076	CDS	453				hypothetical protein
PKBBMBJJ_01077	CDS	354				hypothetical protein
PKBBMBJJ_01078	CDS	159				hypothetical protein
PKBBMBJJ_01079	CDS	516				hypothetical protein
PKBBMBJJ_01080	CDS	198	TOP6A	5.6.2.2		DNA topoisomerase 6 subunit A
PKBBMBJJ_01081	CDS	531				hypothetical protein
PKBBMBJJ_01082	CDS	384			COG0864	Putative nickel-responsive regulator
PKBBMBJJ_01083	CDS	198				hypothetical protein
PKBBMBJJ_01084	CDS	168				hypothetical protein
PKBBMBJJ_01085	CDS	243				hypothetical protein
PKBBMBJJ_01086	CDS	687				hypothetical protein
PKBBMBJJ_01087	CDS	102				hypothetical protein
PKBBMBJJ_01088	CDS	195				hypothetical protein
PKBBMBJJ_01089	CDS	537	endA_2	4.6.1.16	COG1676	tRNA-splicing endonuclease
PKBBMBJJ_01090	CDS	378				hypothetical protein
PKBBMBJJ_01091	CDS	237				hypothetical protein
PKBBMBJJ_01092	CDS	354				hypothetical protein
PKBBMBJJ_01093	CDS	831	cofE	6.3.2.31	COG1478	Coenzyme F420:L-glutamate ligase
PKBBMBJJ_01094	CDS	555				hypothetical protein
PKBBMBJJ_01095	CDS	339				hypothetical protein
PKBBMBJJ_01096	CDS	846				hypothetical protein
PKBBMBJJ_01097	CDS	381				hypothetical protein
PKBBMBJJ_01098	CDS	453	msrA	1.8.4.11		Peptide methionine sulfoxide reductase MsrA
PKBBMBJJ_01099	CDS	867	acdAII	6.2.1.13	COG1042	Acetate--CoA ligase [ADP-forming] II subunit alpha
PKBBMBJJ_01100	CDS	762		4.2.1.116	COG1024	3-hydroxypropionyl-coenzyme A dehydratase
PKBBMBJJ_01101	CDS	351	erpA			Iron-sulfur cluster insertion protein ErpA
PKBBMBJJ_01102	CDS	312				hypothetical protein
PKBBMBJJ_01103	CDS	588	hisB	4.2.1.19	COG0131	Imidazoleglycerol-phosphate dehydratase
PKBBMBJJ_01104	CDS	609	hisH_2	3.5.1.2		Imidazole glycerol phosphate synthase subunit HisH
PKBBMBJJ_01105	CDS	498				hypothetical protein
PKBBMBJJ_01106	CDS	375				hypothetical protein
PKBBMBJJ_01107	CDS	234	albA2_2		COG1581	DNA/RNA-binding protein Alba 2
PKBBMBJJ_01108	CDS	237				hypothetical protein
PKBBMBJJ_01109	CDS	621				hypothetical protein
PKBBMBJJ_01110	CDS	717				hypothetical protein
PKBBMBJJ_01111	CDS	1095				hypothetical protein
PKBBMBJJ_01112	CDS	738		3.5.5.1	COG0388	Nitrilase
PKBBMBJJ_01113	CDS	948				hypothetical protein
PKBBMBJJ_01114	CDS	876	prs	2.7.6.1	COG0462	Ribose-phosphate pyrophosphokinase
PKBBMBJJ_01115	CDS	1470	thsA		COG0459	Thermosome subunit alpha
PKBBMBJJ_01116	CDS	474				hypothetical protein
PKBBMBJJ_01117	CDS	234				hypothetical protein
PKBBMBJJ_01118	CDS	999	sudA	1.8.1.19	COG0493	Sulfide dehydrogenase subunit alpha
PKBBMBJJ_01119	CDS	366				hypothetical protein
PKBBMBJJ_01120	CDS	444				hypothetical protein
PKBBMBJJ_01121	CDS	438				hypothetical protein
PKBBMBJJ_01122	CDS	318				hypothetical protein
PKBBMBJJ_01123	CDS	423				hypothetical protein
PKBBMBJJ_01124	CDS	531				hypothetical protein
PKBBMBJJ_01125	CDS	441				hypothetical protein
PKBBMBJJ_01126	CDS	465				hypothetical protein
PKBBMBJJ_01127	CDS	240				hypothetical protein
PKBBMBJJ_01128	CDS	240				hypothetical protein
PKBBMBJJ_01129	CDS	249				hypothetical protein
PKBBMBJJ_01130	CDS	213				hypothetical protein
PKBBMBJJ_01131	CDS	426				hypothetical protein
PKBBMBJJ_01132	CDS	306				hypothetical protein
PKBBMBJJ_01133	CDS	273				hypothetical protein
PKBBMBJJ_01134	CDS	303				hypothetical protein
PKBBMBJJ_01135	CDS	561	tbp			TATA-box-binding protein
PKBBMBJJ_01136	CDS	330	metG_1	6.1.1.10	COG0073	Methionine--tRNA ligase
PKBBMBJJ_01137	CDS	198				hypothetical protein
PKBBMBJJ_01138	CDS	273				hypothetical protein
PKBBMBJJ_01139	CDS	567				hypothetical protein
PKBBMBJJ_01140	CDS	240				hypothetical protein
PKBBMBJJ_01141	CDS	297				hypothetical protein
PKBBMBJJ_01142	CDS	345				hypothetical protein
PKBBMBJJ_01143	tRNA	76				tRNA-Arg(tct)
PKBBMBJJ_01144	CDS	351				hypothetical protein
PKBBMBJJ_01145	CDS	462				hypothetical protein
PKBBMBJJ_01146	CDS	648				hypothetical protein
PKBBMBJJ_01147	CDS	816				hypothetical protein
PKBBMBJJ_01148	CDS	189	spt4		COG2093	Transcription elongation factor Spt4
PKBBMBJJ_01149	CDS	594	rpoE1	2.7.7.6	COG1095	DNA-directed RNA polymerase subunit E'
PKBBMBJJ_01150	CDS	1125				Iron-sulfur cluster carrier protein
PKBBMBJJ_01151	CDS	531				hypothetical protein
PKBBMBJJ_01152	CDS	537	pyrR	2.4.2.9		Bifunctional protein PyrR
PKBBMBJJ_01153	CDS	390				hypothetical protein
PKBBMBJJ_01154	CDS	261		2.7.2.4	COG0527	putative aspartokinase
PKBBMBJJ_01155	CDS	1413				hypothetical protein
PKBBMBJJ_01156	CDS	585				hypothetical protein
PKBBMBJJ_01157	CDS	225				hypothetical protein
PKBBMBJJ_01158	CDS	300				hypothetical protein
PKBBMBJJ_01159	CDS	348				hypothetical protein
PKBBMBJJ_01160	CDS	561	metG_2	6.1.1.10	COG0073	Methionine--tRNA ligase
PKBBMBJJ_01161	CDS	753				hypothetical protein
PKBBMBJJ_01162	CDS	921	tuf_2			Elongation factor Tu
PKBBMBJJ_01163	CDS	1011	carA	6.3.5.5		Carbamoyl-phosphate synthase small chain
PKBBMBJJ_01164	CDS	1173				hypothetical protein
PKBBMBJJ_01165	CDS	204				hypothetical protein
PKBBMBJJ_01166	CDS	867	hacA_2	4.2.1.114	COG0065	Methanogen homoaconitase large subunit
PKBBMBJJ_01167	CDS	588	leuD_2	4.2.1.33		3-isopropylmalate dehydratase small subunit
PKBBMBJJ_01168	CDS	1080				hypothetical protein
PKBBMBJJ_01169	CDS	1053	metG_3	6.1.1.10	COG0073	Methionine--tRNA ligase
PKBBMBJJ_01170	CDS	753				hypothetical protein
PKBBMBJJ_01171	CDS	921	tuf_3			Elongation factor Tu
PKBBMBJJ_01172	CDS	924	btuF			Vitamin B12-binding protein
PKBBMBJJ_01173	CDS	201				hypothetical protein
PKBBMBJJ_01174	CDS	255				hypothetical protein
PKBBMBJJ_01175	CDS	633	nth	4.2.99.18		Endonuclease III
PKBBMBJJ_01176	CDS	288				hypothetical protein
PKBBMBJJ_01177	CDS	294				hypothetical protein
PKBBMBJJ_01178	CDS	492				hypothetical protein
PKBBMBJJ_01179	CDS	351				hypothetical protein
PKBBMBJJ_01180	CDS	687	pyrH	2.7.4.22	COG0528	Uridylate kinase
PKBBMBJJ_01181	CDS	1236				hypothetical protein
PKBBMBJJ_01182	CDS	603	tmk	2.7.4.9		Thymidylate kinase
PKBBMBJJ_01183	CDS	171				hypothetical protein
PKBBMBJJ_01184	CDS	705	fbiB	6.3.2.34		Bifunctional F420 biosynthesis protein FbiB
PKBBMBJJ_01185	tRNA	75				tRNA-Val(gac)
PKBBMBJJ_01186	CDS	255				hypothetical protein
PKBBMBJJ_01187	CDS	687				hypothetical protein
PKBBMBJJ_01188	CDS	339				hypothetical protein
PKBBMBJJ_01189	CDS	249				hypothetical protein
PKBBMBJJ_01190	CDS	2919	accD	2.1.3.15		Acetyl-coenzyme A carboxylase carboxyl transferase subunit beta, chloroplastic
PKBBMBJJ_01191	CDS	435				hypothetical protein
PKBBMBJJ_01192	CDS	579	grpE			Protein GrpE
PKBBMBJJ_01193	CDS	594				hypothetical protein
PKBBMBJJ_01194	CDS	744				hypothetical protein
PKBBMBJJ_01195	CDS	1038	uvrA			UvrABC system protein A
PKBBMBJJ_01196	CDS	1584	uvrC			UvrABC system protein C
PKBBMBJJ_01197	CDS	969	trpS	6.1.1.2	COG0180	Tryptophan--tRNA ligase
PKBBMBJJ_01198	CDS	282				hypothetical protein
PKBBMBJJ_01199	CDS	345				hypothetical protein
PKBBMBJJ_01200	CDS	204				hypothetical protein
